id|now
mozilla|1426911269000
lightsweeper|1426911269000
aldey-inc|1426911269000
androidarmv6|1426911269000
rapid7|1426911269000
csula|1426911269000
androidarmv6|1426911269000
nutsandboltspack|1426911269000
resque|1426911269000
angular|1426911269000
aosp-stock|1426911269000
omnirom|1426911269000
PeggApp|1426911269000
amplab-extras|1426911269000
aestheticinteractive|1426911269000
fwdcp|1426911269000
dudeteam|1426911269000
CrystalRayEternityGames|1426911269000
sakai-mirror|1426911269000
omnirom|1426911269000
reflectometry|1426911269000
membase|1426911269000
sakai-mirror|1426911269000
libgit2|1426911269000
apache|1426911269000
cloudfoundry|1426911269000
grpc|1426911269000
BoxLib-Codes|1426911269000
proofchains|1426911269000
noironetworks|1426911269000
wp-plugins|1426911269000
Home-SignUp|1426911269000
CS673S15-Group1-Team1|1426911269000
cocos2d|1426911269000
UBERTC|1426911269000
mywikis|1426911269000
Starship-Android|1426911269000
CyanideL|1426911269000
wp-plugins|1426911269000
zinedistro|1426911269000
BlissPopGM|1426911269000
gangoffour|1426911269000
FRC4131|1426911269000
wikimedia|1426911269000
GreenTdev|1426911269000
Iobotics|1426911269000
idsdata|1426911269000
Komodo|1426911269000
memex-explorer|1426911269000
gosu-lang|1426911269000
ucsc-mus-strain-cactus|1426911269000
dxw|1426911269000
RAMCO-AMS|1426911269000
FinNerds|1426911269000
dias-epfl|1426911269000
vikomet|1426911269000
lg-devs|1426911269000
pinf-it|1426911269000
fwdcp|1426911269000
VentureROM-L|1426911269000
lnstempunks|1426911269000
multitheftauto|1426911269000
MCTC-Projects|1426911269000
fruux|1426911269000
GsDevKit|1426911269000
cienciahacker|1426911269000
AreaFiftyOne|1426911269000
Guavus|1426911269000
gluster|1426911269000
nvrslp|1426911269000
balanced|1426911269000
lg-devs|1426911269000
LK8000|1426911269000
Marx-Engine|1426911269000
concourse|1426911269000
concourse|1426911269000
zalora|1426911269000
uacaps|1426911269000
HackaLibramont|1426911269000
dictyBase|1426911269000
radicalgraphics|1426911269000
NREL|1426911269000
COS301-group-authentication-A|1426911269000
codelibs|1426911269000
cornell-pl|1426911269000
BlissPopGM|1426911269000
Hackstarter|1426911269000
crowd-conquer-devs|1426911269000
thesgc|1426911269000
ISIS2503-2015-01|1426911269000
funkywork|1426911269000
DADACONF|1426911269000
cs2103jan2015-f10-2c|1426911269000
mozilla|1426911269000
quotientapp|1426911269000
laravel|1426911269000
FitburIO|1426911269000
chef|1426911269000
pebble|1426911269000
chef|1426911269000
coop-developers|1426911269000
winjs|1426911269000
syncloud|1426911269000
cs2103jan2015-w11-2c|1426911269000
Springerle|1426911269000
laravel|1426911269000
RidingtheShortBus|1426911269000
linkedin|1426911269000
HoverRace|1426911269000
cloudmesh|1426911269000
SpecFlow-Plugins|1426911269000
UH-Bioinformatics|1426911269000
globocom|1426911269000
mozilla|1426911269000
novus|1426911269000
ACMLug|1426911269000
GsDevKit|1426911269000
open-algo|1426911269000
arcadia-unity|1426911269000
ContestHunter|1426911269000
irods|1426911269000
wp-plugins|1426911269000
syncloud|1426911269000
codeforrva|1426911269000
clir|1426911269000
imbas-solutions|1426911269000
DevelopersGuild|1426911269000
OurComics|1426911269000
HackNationMC|1426911269000
AOSC-Dev|1426911269000
Code-More|1426911269000
ga-labs-fitness-visualization|1426911269000
Microsoft|1426911269000
OnsideFC|1426911269000
expertiza|1426911269000
Tatoeba|1426911269000
EManual|1426911269000
LastMile|1426911269000
savioke|1426911269000
cloudfoundry-incubator|1426911269000
pantsbuild|1426911269000
wuvt|1426911269000
ContextualElectronics|1426911269000
thestudentlife|1426911269000
jbemcop|1426911269000
AlmuraDev|1426911269000
wikimedia|1426911269000
msgpack4z|1426911269000
antitypical|1426911269000
Electrostatics|1426911269000
eXolnet|1426911269000
alertsense|1426911269000
msgpack4z|1426911269000
stackforge|1426911269000
EnginesOS|1426911269000
cypress-io|1426911269000
beagleboard|1426911269000
derbyjs|1426911269000
sbp-conference|1426911269000
msgpack4z|1426911269000
ioam|1426911269000
concrete5|1426911269000
VideoGameDesign-TSA-2015|1426911269000
msgpack4z|1426911269000
QSCTech|1426911269000
fedora-python|1426911269000
jomweb|1426911269000
asm-products|1426911269000
ACMLug|1426911269000
cloudera|1426911269000
msgpack4z|1426911269000
liftsecurity|1426911269000
CS321-SP15|1426911269000
gentoo|1426911269000
addthis|1426911269000
weo-edu|1426911269000
HackUMass|1426911269000
pivotalservices|1426911269000
gt-big-data|1426911269000
linkedin|1426911269000
cloudfoundry-community|1426911269000
omeka|1426911269000
truthcoin|1426911269000
freebsd|1426911269000
Originate|1426911269000
cylonn|1426911269000
Team-Andronerds|1426911269000
thesgc|1426911269000
the3ballsoft|1426911269000
openpilot|1426911269000
ThePenguins|1426911269000
cubiclerebels|1426911269000
breach|1426911269000
polysquare|1426911269000
golang|1426911269000
agileharbor|1426911269000
fivethirtyeight|1426911269000
quixdb|1426911269000
Schedulator|1426911269000
limijiaoyin|1426911269000
lonelyplanet|1426911269000
UCDEagles|1426911269000
GaiaMagic|1426911269000
sysward|1426911269000
gitlabhq|1426911269000
f-droid|1426911269000
immutant|1426911269000
JurassiCraft|1426911269000
GrupoOperacionalRDO|1426911269000
Gooey-Dee-Bee|1426911269000
yellowhouseassociates|1426911269000
toajs|1426911269000
Disco-TeX|1426911269000
lg-devs|1426911269000
Chroma-Aosp|1426911269000
virtkick|1426911269000
ractivejs|1426911269000
springdox|1426911269000
CMPUT404|1426911269000
suwonsmartapp|1426911269000
glslio|1426911269000
tbd-ci|1426911269000
genome|1426911269000
dartsim|1426911269000
Chorus|1426911269000
OctopusCorporation|1426911269000
peatio|1426911269000
playnimbus|1426911269000
SHHSYL|1426911269000
HackNationMC|1426911269000
NuIota|1426911269000
enthought|1426911269000
whisklabs|1426911269000
CarletonStudentDev|1426911269000
tcltk|1426911269000
LeagueSharp|1426911269000
nxjcproject|1426911269000
barc|1426911269000
krishagni|1426911269000
stackie|1426911269000
compute-io|1426911269000
Infinite-Dango-Studios|1426911269000
mesosphere|1426911269000
bitly|1426911269000
influxdb|1426911269000
BCDevExchange|1426911269000
BetaToast|1426911269000
Equitable|1426911269000
mantidproject|1426911269000
decorefloor|1426911269000
hudmol|1426911269000
clir|1426911269000
Multimedia-Team|1426911269000
helpers|1426911269000
PGTeamWorks|1426911269000
Raptacon|1426911269000
wardencam360|1426911269000
Harvard-University-iCommons|1426911269000
GitInsights|1426911269000
gkno|1426911269000
suscerte|1426911269000
CopticScriptorium|1426911269000
TEAMMATES|1426911269000
LizardCode|1426911269000
TeamSampleText|1426911269000
duckduckgo|1426911269000
grouplens|1426911269000
snowdriftcoop|1426911269000
ncsu-sw-carpen|1426911269000
facebook|1426911269000
stroymeh|1426911269000
codefortrenton|1426911269000
LanMomo|1426911269000
anomalylabs|1426911269000
starlight|1426911269000
transitland|1426911269000
BlueFern|1426911269000
Raizlabs|1426911269000
ioam|1426911269000
AOSIP|1426911269000
kublikon|1426911269000
msgpack4z|1426911269000
civicrm|1426911269000
faimg|1426911269000
AbandonedCart|1426911269000
ioam|1426911269000
SocialWebApps|1426911269000
validator|1426911269000
macgitver|1426911269000
adroverinc|1426911269000
radiasoft|1426911269000
CleverRaven|1426911269000
openpipekit|1426911269000
CollaboratingPlatypus|1426911269000
infoforcefeed|1426911269000
maykastudio|1426911269000
Ziftr|1426911269000
BlissPopGM|1426911269000
kbase|1426911269000
RedSeal-co|1426911269000
t2trg|1426911269000
anomalylabs|1426911269000
AlpineNow|1426911269000
MEBG|1426911269000
couchbaselabs|1426911269000
pism|1426911269000
php-fusion|1426911269000
tinkergarten-org|1426911269000
BlissPopGM|1426911269000
haiwen|1426911269000
mapbox|1426911269000
bvcms|1426911269000
miis-l10n|1426911269000
serverspec|1426911269000
compute-io|1426911269000
dropbox|1426911269000
economica|1426911269000
Microsoft|1426911269000
FIRST-4030|1426911269000
f8RAR|1426911269000
reclaimhosting|1426911269000
yochiyochirb|1426911269000
optimizationBenchmarking|1426911269000
opencog|1426911269000
google|1426911269000
Dceta|1426911269000
HackNationMC|1426911269000
CyanogenMod|1426911269000
atelierabbey|1426911269000
NyxStudios|1426911269000
wavefarm|1426911269000
open-craft|1426911269000
circleci|1426911269000
yiiframework-ua|1426911269000
mozilla|1426911269000
DirectMyFile|1426911269000
Artsyshmup|1426911269000
GNOME|1426911269000
tsuru|1426911269000
stan-dev|1426911269000
kivy|1426911269000
GNOME|1426911269000
telegram-zhCN|1426911269000
hhroc|1426911269000
DarkstarProject|1426911269000
gopilot|1426911269000
Arachni|1426911269000
stan-dev|1426911269000
BU-EC500-SP15|1426911269000
tovid-suite|1426911269000
legorobo|1426911269000
uis2015s1|1426911269000
apache|1426911269000
mbraceproject|1426911269000
rust-lang|1426911269000
faosp|1426911269000
timvideos|1426911269000
digitalpassport|1426911269000
SeleniumHQ|1426911269000
cafbuddy|1426911269000
CreativeBoys|1426911269000
AmbitEnergyLabs|1426911269000
RowdyRuffBoyz|1426911269000
gohoneydew|1426911269000
GoogleCloudPlatform|1426911269000
ParmEd|1426911269000
CS473-Group3|1426911269000
legorobo|1426911269000
EiffelSoftware|1426911269000
rapid7|1426911269000
dpla|1426911269000
votinginfoproject|1426911269000
rails|1426911269000
tendermint|1426911269000
PHPSocialverse|1426911269000
uml-digitalinitiatives|1426911269000
CS2103jan2015-t09-2j|1426911269000
msgpack4z|1426911269000
urbit|1426911269000
libretro|1426911269000
perfectsense|1426911269000
msgpack4z|1426911269000
qzind|1426911269000
spaceboats|1426911269000
CMPUT410W15T02|1426911269000
faosp|1426911269000
rust-lang|1426911269000
CSET3600GroupProject|1426911269000
TeamEOS|1426911269000
lg-devs|1426911269000
proengsoft|1426911269000
golang|1426911269000
P9SOFT|1426911269000
ColumbiaCMB|1426911269000
rrtsstudios|1426911269000
cs2103jan2015-w15-4j|1426911269000
thesgc|1426911269000
fedora-python|1426911269000
msgpack4z|1426911269000
SyntaxC4-MSFT|1426911269000
UBERTC|1426911269000
websudos|1426911269000
tokenly|1426911269000
cugzi|1426911269000
goatdb|1426911269000
playrust-io|1426911269000
nim-lang|1426911269000
d7reviews|1426911269000
tweetyourbracket|1426911269000
macmillanpublishers|1426911269000
sakai-mirror|1426911269000
asm-products|1426911269000
metricize|1426911269000
appcelerator|1426911269000
keenlabs|1426911269000
reactor|1426911269000
rust-lang|1426911269000
utrm|1426911269000
ansible|1426911269000
DataDog|1426911269000
nunit|1426911269000
cs2103jan2015-f11-2c|1426911269000
Apelon-VA|1426911269000
codefirst|1426911269000
Sunrise-Robot|1426911269000
apache|1426911269000
CS383-Team1|1426911269000
idevops-net|1426911269000
xenim|1426911269000
wp-plugins|1426911269000
mappingdc|1426911269000
compute-io|1426911269000
jac-h|1426911269000
ioam|1426911269000
pinf|1426911269000
dubioustarantula|1426911269000
cloudera|1426911269000
YTHXQ|1426911269000
cocos2d|1426911269000
eecs183|1426911269000
thesgc|1426911269000
omnirom|1426911269000
rust-lang|1426911269000
JogAmp|1426911269000
Pandexio|1426911269000
PHPSocialverse|1426911269000
HackaLibramont|1426911269000
htcondor|1426911269000
sonicretro|1426911269000
cambridgehackers|1426911269000
BlissPopGM|1426911269000
dotph|1426911269000
wavefarm|1426911269000
NatLibFi|1426911269000
ugma|1426911269000
scalio|1426911269000
springlobby|1426911269000
FFmpeg|1426911269000
PhyDaC|1426911269000
GalSim-developers|1426911269000
mozilla|1426911269000
slurp-contrib|1426911269000
FAForever|1426911269000
QIICR|1426911269000
gushphp|1426911269000
sphinx-doc|1426911269000
dwellkit|1426911269000
omnirom|1426911269000
LSC-Unicamp|1426911269000
HackaLibramont|1426911269000
swkoubou|1426911269000
vmware|1426911269000
okulbilisim|1426911269000
unitedstates|1426911269000
freelawproject|1426911269000
embersherpa|1426911269000
aspc|1426911269000
BYU-ODH|1426911269000
doya-okinawa|1426911269000
darkcoin|1426911269000
chef|1426911269000
renewablefunding|1426911269000
RAMCO-AMS|1426911269000
DMOJ|1426911269000
Linphone-sync|1426911269000
asm-products|1426911269000
forge|1426911269000
PHPSocialverse|1426911269000
hbtelecom|1426911269000
soc504-s2015-princeton|1426911269000
ioam|1426911269000
Phenomics-KSU|1426911269000
TravelGene|1426911269000
deepfield|1426911269000
Piwigo|1426911269000
Tunr-io|1426911269000
lg-devs|1426911269000
Treode|1426911269000
g0v-data|1426911269000
antitypical|1426911269000
FundacaoLemann|1426911269000
txsll|1426911269000
gonum|1426911269000
greatfire|1426911269000
coreos|1426911269000
KittehOrg|1426911269000
icecondor|1426911269000
JogAmp|1426911269000
kartverket|1426911269000
dmdcilantro|1426911269000
livestreet|1426911269000
PhyDaC|1426911269000
retsr|1426911269000
calblueprint|1426911269000
concourse|1426911269000
magarena|1426911269000
Courseworks|1426911269000
openaddresses|1426911269000
nbobtc|1426911269000
chef-buddy|1426911269000
DuoSoftware|1426911269000
epsilonz|1426911269000
eattle|1426911269000
limijiaoyin|1426911269000
uTask|1426911269000
VestalNetSciHigh|1426911269000
gigster-eng|1426911269000
rust-lang|1426911269000
wecontinue|1426911269000
hatchery|1426911269000
apache|1426911269000
frappe|1426911269000
team1305|1426911269000
TeamAGGS|1426911269000
EmbodiedCognition|1426911269000
RAMCO-AMS|1426911269000
rust-lang|1426911269000
coop-developers|1426911269000
wikimedia|1426911269000
TeamRegular|1426911269000
lg-devs|1426911269000
FalconChristmas|1426911269000
coreos|1426911269000
cmu-cylab-privacylens|1426911269000
DailyBurn|1426911269000
team3238|1426911269000
timofarrar|1426911269000
jMonkeyEngine|1426911269000
BlissPopGM|1426911269000
chef|1426911269000
angularity|1426911269000
hatimi|1426911269000
ydfzxy|1426911269000
thecourseforum|1426911269000
audit4j|1426911269000
caskdata|1426911269000
stackforge|1426911269000
sikuli|1426911269000
Raizlabs|1426911269000
Plain-Simple|1426911269000
rust-lang|1426911269000
puyoai|1426911269000
Coinffeine|1426911269000
Mashape|1426911269000
DuoSoftware|1426911269000
projeto-siga|1426911269000
team691|1426911269000
tw-csie-sprout|1426911269000
CSC510-2015-Axitron|1426911269000
derbyjs|1426911269000
mod2|1426911269000
smart-on-fhir|1426911269000
PiStudios|1426911269000
WalkingInTheAir|1426911269000
rust-lang|1426911269000
rust-lang|1426911269000
EQMacEmu|1426911269000
SpotsTeam|1426911269000
archlinuxarm|1426911269000
Scenic-Route|1426911269000
GNOME|1426911269000
frc3946|1426911269000
scesi|1426911269000
HackNationMC|1426911269000
yahoo|1426911269000
rust-lang|1426911269000
ubuntu-de|1426911269000
rust-lang|1426911269000
blinkreaction|1426911269000
zepheira|1426911269000
rvacoderdojo|1426911269000
cs2103jan2015-w13-3j|1426911269000
fwdcp|1426911269000
rust-lang|1426911269000
EventsHub|1426911269000
sonatype|1426911269000
haiwen|1426911269000
rust-lang|1426911269000
ENCODE-DCC|1426911269000
rust-lang|1426911269000
sikuli|1426911269000
LAB-Rio|1426911269000
CocoaPods|1426911269000
strikedebt|1426911269000
orchestral|1426911269000
ReactiveCocoa|1426911269000
datawrapper|1426911269000
OctopusCorporation|1426911269000
Home-SignUp|1426911269000
scorelab|1426911269000
vmware|1426911269000
AnySoftKeyboard|1426911269000
7IN0-labs|1426911269000
edurange|1426911269000
TwistedBliss|1426911269000
lg-devs|1426911269000
yasp-dota|1426911269000
SuperTuxTeam|1426911269000
lsst|1426911269000
BlueBarracudas|1426911269000
virtkick|1426911269000
suikawiki|1426911269000
autosportlabs|1426911269000
BlissPopGM|1426911269000
theatlantic|1426911269000
wp3|1426911269000
catedrasaes-umu|1426911269000
dwellkit|1426911269000
geany|1426911269000
Kloudless|1426911269000
curso-elementos|1426911269000
wl-net|1426911269000
dbke|1426911269000
pixlra|1426911269000
dmwm|1426911269000
Homebrew|1426911269000
mks66-dw|1426911269000
embulk|1426911269000
PlaySwell|1426911269000
lg-devs|1426911269000
rust-lang|1426911269000
oxidelang|1426911269000
thesgc|1426911269000
KaOSx|1426911269000
pingpong-labs|1426911269000
osrf|1426911269000
kawazrepos|1426911269000
pr-of-it|1426911269000
o2project|1426911269000
Rhombik|1426911269000
iterami|1426911269000
sakai-mirror|1426911269000
GovernanceConsultants|1426911269000
bluesat|1426911269000
quantcast|1426911269000
occprogramming|1426911269000
ku-fpg|1426911269000
Panax|1426911269000
DreediMX|1426911269000
RIEI|1426911269000
easydigitaldownloads|1426911269000
dotph|1426911269000
mmod|1426911269000
fedora-python|1426911269000
pingpong-labs|1426911269000
conduit-rust|1426911269000
equalitie|1426911269000
DevShelfBlog|1426911269000
